{
  "dataset": "creditcard.csv",
  "rows": 284807,
  "features": 30,
  "positive_ratio": 0.001727485630620034,
  "load_data_seconds": 2.2208,
  "training_seconds": 1.7592,
  "best_iteration": 1,
  "auc_roc": 0.95867,
  "accuracy": 0.998947,
  "f1_score": 0.727273,
  "precision": 0.655738,
  "recall": 0.816327,
  "inference_latency_1row_ms": 2.1776,
  "inference_throughput_rows_per_second": 545473.69
}